"STATION","NAME","DATE","PRCP","SNWD","TAVG","TMAX","TMIN"
"PL000012120","LEBA, PL","2017-01-02","7.9",,"2.6","4.5","1.5"
"PL000012120","LEBA, PL","2017-01-03","0.0",,"1.7",,"-0.3"
"PL000012120","LEBA, PL","2017-01-04","4.8",,"2.1","5.7","-0.6"
"PL000012120","LEBA, PL","2017-01-05","4.3",,"-3.3","0.9","-5.3"
"PL000012120","LEBA, PL","2017-01-06","3.3",,"-4.8","-2.8",
"PL000012120","LEBA, PL","2017-01-07","0.0","51.0","-5.0","-4.0","-7.6"
"PL000012120","LEBA, PL","2017-01-08","0.5",,"-6.3",,"-9.6"
"PL000012120","LEBA, PL","2017-01-09","0.0","61.0","-1.5","0.1","-5.9"
"PL000012120","LEBA, PL","2017-01-10","39.9",,"-3.5","-0.5",
"PL000012120","LEBA, PL","2017-01-11","0.0","41.0","-5.4",,"-8.3"
"PL000012120","LEBA, PL","2017-01-12","1.0",,"1.8","2.8","-3.7"
"PL000012120","LEBA, PL","2017-01-13","0.0","20.0","0.9","2.4","0.2"
"PL000012120","LEBA, PL","2017-01-14","5.3",,"0.1","2.0","-1.7"
"PL000012120","LEBA, PL","2017-01-15","0.5",,"0.6","2.1","-2.1"
"PL000012120","LEBA, PL","2017-01-16","0.5","41.0","1.2","2.4",
"PL000012120","LEBA, PL","2017-01-17","30.0",,"-1.4","1.6","-4.4"
"PL000012120","LEBA, PL","2017-01-18","30.0",,"-0.6","0.2","-4.5"
"PL000012120","LEBA, PL","2017-01-19","30.0",,"0.1",,"-1.2"
"PL000012120","LEBA, PL","2017-01-20","20.1",,"3.2",,"0.8"
"PL000012120","LEBA, PL","2017-01-21","0.3",,"2.0","5.1",
"PL000012120","LEBA, PL","2017-01-22","0.0",,"0.3","1.5","-0.2"
"PL000012120","LEBA, PL","2017-01-23",,,"-0.7","0.3","-1.8"
"PL000012120","LEBA, PL","2017-01-24",,,"2.3","3.5","-0.6"
"PL000012120","LEBA, PL","2017-01-25",,,"1.7","3.4","0.6"
"PL000012120","LEBA, PL","2017-01-26","0.0",,"0.6","1.9",
"PL000012120","LEBA, PL","2017-01-27","0.0",,"-0.1",,
"PL000012120","LEBA, PL","2017-01-28",,,"-0.3","5.3","-5.3"
"PL000012120","LEBA, PL","2017-01-29",,,"-0.5","2.8","-3.2"
"PL000012120","LEBA, PL","2017-01-30",,,"0.4","3.1",
"PL000012120","LEBA, PL","2017-01-31",,,"-1.7","2.8",
"PL000012120","LEBA, PL","2017-02-01",,,"-3.7","1.5","-6.5"
"PL000012120","LEBA, PL","2017-02-02",,,"-2.5","0.5","-6.5"
"PL000012120","LEBA, PL","2017-02-03",,,"0.3",,"-3.0"
"PL000012120","LEBA, PL","2017-02-04",,,"-0.3","0.8","-1.2"
"PL000012120","LEBA, PL","2017-02-05",,,"-0.4","3.0","-2.7"
"PL000012120","LEBA, PL","2017-02-06",,,"-0.3","1.6",
"PL000012120","LEBA, PL","2017-02-07",,,"-4.6","-0.7",
"PL000012120","LEBA, PL","2017-02-08","0.3",,"-7.6","-5.8",
"PL000012120","LEBA, PL","2017-02-09","0.5","41.0","-7.0",,"-8.7"
"PL000012120","LEBA, PL","2017-02-10","20.1",,"-2.9","2.5","-6.2"
"PL000012120","LEBA, PL","2017-02-11","0.0","10.0","-4.1","-0.1","-8.3"
"PL000012120","LEBA, PL","2017-02-12",,"10.0","-4.9","-1.0","-6.4"
"PL000012120","LEBA, PL","2017-02-13",,"10.0","-5.6",,"-6.8"
"PL000012120","LEBA, PL","2017-02-14",,"10.0","-0.7","2.6","-5.1"
"PL000012120","LEBA, PL","2017-02-15",,,"0.6","10.0","-3.6"
"PL000012120","LEBA, PL","2017-02-16",,,"2.3","6.5","-2.0"
"PL000012120","LEBA, PL","2017-02-17",,,"2.3","5.8","1.2"
"PL000012120","LEBA, PL","2017-02-18","0.0",,"2.7","4.5","1.1"
"PL000012120","LEBA, PL","2017-02-19","0.0",,"2.9","4.3","1.4"
"PL000012120","LEBA, PL","2017-02-20","0.5",,"4.5","5.9","2.6"
"PL000012120","LEBA, PL","2017-02-21","12.7",,"4.7","6.2",
"PL000012120","LEBA, PL","2017-02-22","0.0",,"4.1","6.5","2.4"
"PL000012120","LEBA, PL","2017-02-23","5.3",,"4.3",,
"PL000012120","LEBA, PL","2017-02-24","16.0",,"2.0","5.1","-0.8"
"PL000012120","LEBA, PL","2017-02-25","0.8",,"2.3","4.4","-0.3"
"PL000012120","LEBA, PL","2017-02-26","4.1",,"4.6",,"0.9"
"PL000012120","LEBA, PL","2017-02-27","3.3",,"8.0","12.5","5.4"
"PL000012120","LEBA, PL","2017-02-28","0.0",,"5.4","9.5","1.4"
"PL000012120","LEBA, PL","2017-03-01","1.5",,"4.4","6.0","1.4"
"PL000012120","LEBA, PL","2017-03-02","0.0",,"2.1","5.0","0.1"
"PL000012120","LEBA, PL","2017-03-03","6.6",,"4.0","7.2","1.7"
"PL000012120","LEBA, PL","2017-03-04","0.0",,"5.7","9.7","2.1"
"PL000012120","LEBA, PL","2017-03-05",,,"5.3","8.8","3.2"
"PL000012120","LEBA, PL","2017-03-06",,,"2.3","5.6",
"PL000012120","LEBA, PL","2017-03-07","1.0",,"0.6","2.0","-0.6"
"PL000012120","LEBA, PL","2017-03-08","0.0",,"2.4","4.8","0.2"
"PL000012120","LEBA, PL","2017-03-09","0.0",,"3.2","5.6",
"PL000012120","LEBA, PL","2017-03-10","0.3",,"3.9","6.8","0.9"
"PL000012120","LEBA, PL","2017-03-11","0.3",,"2.0","4.4",
"PL000012120","LEBA, PL","2017-03-12","0.0",,"0.8","5.6","-4.2"
"PL000012120","LEBA, PL","2017-03-13",,,"0.3","5.8","-4.1"
"PL000012120","LEBA, PL","2017-03-14",,,"4.5","8.7","-1.6"
"PL000012120","LEBA, PL","2017-03-15",,,"5.9","7.6","4.7"
"PL000012120","LEBA, PL","2017-03-16",,,"5.6",,"3.9"
"PL000012120","LEBA, PL","2017-03-17",,,"6.4","9.0",
"PL000012120","LEBA, PL","2017-03-18","1.5",,"3.6","5.1","2.1"
"PL000012120","LEBA, PL","2017-03-19","6.6",,"2.9","4.2","2.0"
"PL000012120","LEBA, PL","2017-03-20","2.8",,"4.4",,"0.8"
"PL000012120","LEBA, PL","2017-03-21","9.1",,"7.6","10.4","4.5"
"PL000012120","LEBA, PL","2017-03-22","0.3",,"5.6","9.7",
"PL000012120","LEBA, PL","2017-03-23","0.0",,"5.3","12.4","-0.8"
"PL000012120","LEBA, PL","2017-03-24",,,"4.7","9.4","-1.3"
"PL000012120","LEBA, PL","2017-03-25",,,"4.4","6.9",
"PL000012120","LEBA, PL","2017-03-26",,,"4.4","10.8","-2.6"
"PL000012120","LEBA, PL","2017-03-27",,,"7.1","9.3","4.9"
"PL000012120","LEBA, PL","2017-03-28",,,"5.2","8.7",
"PL000012120","LEBA, PL","2017-03-29",,,"4.6","9.1","2.4"
"PL000012120","LEBA, PL","2017-03-30",,,"6.8",,"3.4"
"PL000012120","LEBA, PL","2017-03-31","1.5",,"12.7","18.4","8.7"
"PL000012120","LEBA, PL","2017-04-01","0.0",,"11.4","19.0",
"PL000012120","LEBA, PL","2017-04-02",,,"7.8","13.2","3.6"
"PL000012120","LEBA, PL","2017-04-03",,,"6.8","9.6",
"PL000012120","LEBA, PL","2017-04-04",,,"4.8","6.9","3.1"
"PL000012120","LEBA, PL","2017-04-05",,,"6.8","11.0","3.5"
"PL000012120","LEBA, PL","2017-04-06","1.3",,"5.9","7.6","4.7"
"PL000012120","LEBA, PL","2017-04-07","1.0",,"6.6","8.2","5.4"
"PL000012120","LEBA, PL","2017-04-08","0.0",,"7.4","10.0","5.5"
"PL000012120","LEBA, PL","2017-04-09","0.0",,"8.7","12.7",
"PL000012120","LEBA, PL","2017-04-10",,,"9.7","19.1","4.2"
"PL000012120","LEBA, PL","2017-04-11",,,"6.3","8.4","5.3"
"PL000012120","LEBA, PL","2017-04-12","0.3",,"6.5","7.8","4.4"
"PL000012120","LEBA, PL","2017-04-13","5.3",,"6.3","8.1",
"PL000012120","LEBA, PL","2017-04-14","1.5",,"6.9","9.1","5.3"
"PL000012120","LEBA, PL","2017-04-15","0.8",,"5.2","7.0",
"PL000012120","LEBA, PL","2017-04-16","25.9",,"2.2","5.8",
"PL000012120","LEBA, PL","2017-04-17","0.0",,"1.5","6.2","-2.9"
"PL000012120","LEBA, PL","2017-04-18",,,"3.1","6.1","-0.3"
"PL000012120","LEBA, PL","2017-04-19",,,"2.5","5.9",
"PL000012120","LEBA, PL","2017-04-20",,,"3.4","7.6","-4.1"
"PL000012120","LEBA, PL","2017-04-21","0.0",,"7.6","9.7","5.0"
"PL000012120","LEBA, PL","2017-04-22","3.3",,"6.4","8.5","5.1"
"PL000012120","LEBA, PL","2017-04-23","0.0",,"6.3",,"5.0"
"PL000012120","LEBA, PL","2017-04-24","0.0",,"6.2",,"4.6"
"PL000012120","LEBA, PL","2017-04-25","3.8",,"4.4","8.0","2.5"
"PL000012120","LEBA, PL","2017-04-26","2.3",,"5.1","9.1",
"PL000012120","LEBA, PL","2017-04-27","0.0",,"5.0","9.3","0.0"
"PL000012120","LEBA, PL","2017-04-28",,,"6.4","11.0","-0.1"
"PL000012120","LEBA, PL","2017-04-29","0.5",,"5.7","8.3",
"PL000012120","LEBA, PL","2017-04-30","0.0",,"5.6","9.2","-1.0"
"PL000012120","LEBA, PL","2017-05-01",,,"6.9","12.7","2.0"
"PL000012120","LEBA, PL","2017-05-02",,,"7.8","12.9","3.6"
"PL000012120","LEBA, PL","2017-05-03",,,"7.2","9.7","6.1"
"PL000012120","LEBA, PL","2017-05-04",,,"8.0","9.8","6.3"
"PL000012120","LEBA, PL","2017-05-05","0.8",,"9.0","10.8","7.4"
"PL000012120","LEBA, PL","2017-05-06","0.0",,"8.3","10.6","6.0"
"PL000012120","LEBA, PL","2017-05-07",,,"6.9","8.5",
"PL000012120","LEBA, PL","2017-05-08",,,"5.4","7.8",
"PL000012120","LEBA, PL","2017-05-09","2.3",,"3.4","5.9","-0.1"
"PL000012120","LEBA, PL","2017-05-10","3.6",,"2.1","3.8",
"PL000012120","LEBA, PL","2017-05-11","2.5",,"5.8","10.8","-0.1"
"PL000012120","LEBA, PL","2017-05-12","0.0",,"9.4","15.8","3.0"
"PL000012120","LEBA, PL","2017-05-13",,,"11.7","16.0","3.3"
"PL000012120","LEBA, PL","2017-05-14",,,"14.1","21.8","5.4"
"PL000012120","LEBA, PL","2017-05-15",,,"13.6","18.4",
"PL000012120","LEBA, PL","2017-05-16",,,"11.1","13.9",
"PL000012120","LEBA, PL","2017-05-17",,,"15.2","20.9","8.6"
"PL000012120","LEBA, PL","2017-05-18",,,"20.3","27.1","11.2"
"PL000012120","LEBA, PL","2017-05-19",,,"22.1","28.7","14.7"
"PL000012120","LEBA, PL","2017-05-20",,,"15.7","24.3",
"PL000012120","LEBA, PL","2017-05-21",,,"11.7","14.2","9.8"
"PL000012120","LEBA, PL","2017-05-22",,,"12.9","17.1",
"PL000012120","LEBA, PL","2017-05-23",,,"13.6","19.2","6.2"
"PL000012120","LEBA, PL","2017-05-24",,,"12.2","16.2","9.0"
"PL000012120","LEBA, PL","2017-05-25",,,"12.9","16.1","8.7"
"PL000012120","LEBA, PL","2017-05-26",,,"13.4","16.3",
"PL000012120","LEBA, PL","2017-05-27",,,"14.9","21.2","7.3"
"PL000012120","LEBA, PL","2017-05-28",,,"21.1","28.3","10.8"
"PL000012120","LEBA, PL","2017-05-29",,,"14.7","24.3",
"PL000012120","LEBA, PL","2017-05-30",,,"16.4","20.6","11.2"
"PL000012120","LEBA, PL","2017-05-31",,,"14.8","19.4",
"PL000012120","LEBA, PL","2017-06-01",,,"12.3","14.2","11.5"
"PL000012120","LEBA, PL","2017-06-02",,,"11.5","14.9",
"PL000012120","LEBA, PL","2017-06-03",,,"13.1","19.5","3.2"
"PL000012120","LEBA, PL","2017-06-04",,,"13.9","16.7",
"PL000012120","LEBA, PL","2017-06-05",,,"13.8","16.8",
"PL000012120","LEBA, PL","2017-06-06",,,"17.6","23.7","9.1"
"PL000012120","LEBA, PL","2017-06-07","14.0",,"14.4","18.8",
"PL000012120","LEBA, PL","2017-06-08","1.0",,"14.9","19.7","10.5"
"PL000012120","LEBA, PL","2017-06-09","0.0",,"18.0","24.7","11.7"
"PL000012120","LEBA, PL","2017-06-10",,,"14.8","20.8",
"PL000012120","LEBA, PL","2017-06-11",,,"17.3","23.1","8.4"
"PL000012120","LEBA, PL","2017-06-12","3.0",,"16.7","21.7",
"PL000012120","LEBA, PL","2017-06-13","1.5",,"14.8","16.7",
"PL000012120","LEBA, PL","2017-06-14","0.3",,"14.3","16.2",
"PL000012120","LEBA, PL","2017-06-15","0.0",,"15.6","19.6","9.0"
"PL000012120","LEBA, PL","2017-06-16",,,"15.3","17.9","12.5"
"PL000012120","LEBA, PL","2017-06-17",,,"13.7","15.8",
"PL000012120","LEBA, PL","2017-06-18",,,"16.6","20.2","11.1"
"PL000012120","LEBA, PL","2017-06-19",,,"19.3","22.4",
"PL000012120","LEBA, PL","2017-06-20",,,"17.5","22.1","14.0"
"PL000012120","LEBA, PL","2017-06-21",,,"14.9","17.4",
"PL000012120","LEBA, PL","2017-06-22",,,"15.4","18.8","9.2"
"PL000012120","LEBA, PL","2017-06-23","1.5",,"16.2","19.4","13.9"
"PL000012120","LEBA, PL","2017-06-24","5.3",,"16.3","17.9","15.1"
"PL000012120","LEBA, PL","2017-06-25","5.3",,"16.3","19.3","14.2"
"PL000012120","LEBA, PL","2017-06-26","7.9",,"15.6",,"12.9"
"PL000012120","LEBA, PL","2017-06-27","0.0",,"14.1","17.3",
"PL000012120","LEBA, PL","2017-06-28",,,"16.4","21.1","8.3"
"PL000012120","LEBA, PL","2017-06-29","2.0",,"19.2",,"16.8"
"PL000012120","LEBA, PL","2017-06-30","0.0",,"16.7","18.4","15.7"
"PL000012120","LEBA, PL","2017-07-01","3.6",,"14.7","16.3",
"PL000012120","LEBA, PL","2017-07-02","15.2",,"15.6","17.2","12.8"
"PL000012120","LEBA, PL","2017-07-03","0.0",,"15.4","18.0",
"PL000012120","LEBA, PL","2017-07-04","3.3",,"14.8","17.0","12.5"
"PL000012120","LEBA, PL","2017-07-05","0.0",,"14.6","17.4",
"PL000012120","LEBA, PL","2017-07-06",,,"14.3","19.2","7.7"
"PL000012120","LEBA, PL","2017-07-07",,,"16.7","22.4","8.5"
"PL000012120","LEBA, PL","2017-07-08",,,"16.7","19.8","14.1"
"PL000012120","LEBA, PL","2017-07-09",,,"15.1","17.6",
"PL000012120","LEBA, PL","2017-07-10",,,"16.8","24.5","7.6"
"PL000012120","LEBA, PL","2017-07-11","27.4",,"16.3","19.0",
"PL000012120","LEBA, PL","2017-07-12","0.0",,"16.7","19.9","12.6"
"PL000012120","LEBA, PL","2017-07-13","15.5",,"16.2","18.9","13.9"
"PL000012120","LEBA, PL","2017-07-14","0.0",,"15.1","17.8",
"PL000012120","LEBA, PL","2017-07-15",,,"14.6","18.7","7.1"
"PL000012120","LEBA, PL","2017-07-16",,,"16.8","21.2","10.3"
"PL000012120","LEBA, PL","2017-07-17","3.0",,"16.4","18.7",
"PL000012120","LEBA, PL","2017-07-18","0.0",,"16.1","18.9","14.0"
"PL000012120","LEBA, PL","2017-07-19",,,"16.2","19.7",
"PL000012120","LEBA, PL","2017-07-20",,,"17.9","23.7","10.5"
"PL000012120","LEBA, PL","2017-07-21","1.8",,"15.4","19.5",
"PL000012120","LEBA, PL","2017-07-22","6.6",,"16.8","20.9","10.4"
"PL000012120","LEBA, PL","2017-07-23","0.0",,"18.9","24.1","14.3"
"PL000012120","LEBA, PL","2017-07-24","1.5",,"17.6","20.4",
"PL000012120","LEBA, PL","2017-07-25","0.0",,"17.8","19.2","15.2"
"PL000012120","LEBA, PL","2017-07-26","0.3",,"17.3","18.0","17.0"
"PL000012120","LEBA, PL","2017-07-27","4.3",,"15.9","17.2",
"PL000012120","LEBA, PL","2017-07-28","8.4",,"16.7","20.6",
"PL000012120","LEBA, PL","2017-07-29","0.0",,"17.4","22.1","10.8"
"PL000012120","LEBA, PL","2017-07-30","0.3",,"21.7","28.6","14.7"
"PL000012120","LEBA, PL","2017-07-31","14.2",,"17.8","24.4",
"PL000012120","LEBA, PL","2017-08-01","3.3",,"21.1","25.9","13.7"
"PL000012120","LEBA, PL","2017-08-02","0.8",,"18.5","22.3",
"PL000012120","LEBA, PL","2017-08-03","0.0",,"19.3",,"13.3"
"PL000012120","LEBA, PL","2017-08-04","1.8",,"19.1","22.1","15.8"
"PL000012120","LEBA, PL","2017-08-05","0.0",,"18.2","21.4","15.5"
"PL000012120","LEBA, PL","2017-08-06",,,"16.7","19.7",
"PL000012120","LEBA, PL","2017-08-07",,,"16.1","20.7","11.1"
"PL000012120","LEBA, PL","2017-08-08",,,"19.2","24.4","12.7"
"PL000012120","LEBA, PL","2017-08-09",,,"18.9","24.5",
"PL000012120","LEBA, PL","2017-08-10",,,"17.2","22.6",
"PL000012120","LEBA, PL","2017-08-11",,,"18.7","24.8","11.2"
"PL000012120","LEBA, PL","2017-08-12","8.4",,"17.9","22.8",
"PL000012120","LEBA, PL","2017-08-13","1.0",,"16.7","19.5","14.1"
"PL000012120","LEBA, PL","2017-08-14","2.3",,"16.0","19.1",
"PL000012120","LEBA, PL","2017-08-15","0.0",,"17.7",,"11.1"
"PL000012120","LEBA, PL","2017-08-16",,,"18.0","21.6","15.3"
"PL000012120","LEBA, PL","2017-08-17",,,"18.1","22.5","15.8"
"PL000012120","LEBA, PL","2017-08-18","0.3",,"19.3","22.7","16.2"
"PL000012120","LEBA, PL","2017-08-19","7.1",,"17.4","20.3",
"PL000012120","LEBA, PL","2017-08-20","0.0",,"15.4","19.7","11.1"
"PL000012120","LEBA, PL","2017-08-21","5.8",,"14.6","17.9",
"PL000012120","LEBA, PL","2017-08-22","2.5",,"14.7","18.8","8.8"
"PL000012120","LEBA, PL","2017-08-23","5.1",,"16.7","19.3",
"PL000012120","LEBA, PL","2017-08-24","0.0",,"14.9","19.4","8.3"
"PL000012120","LEBA, PL","2017-08-25",,,"17.4","19.8","14.4"
"PL000012120","LEBA, PL","2017-08-26",,,"16.2","19.6","11.8"
"PL000012120","LEBA, PL","2017-08-27","4.3",,"16.0","19.6","12.8"
"PL000012120","LEBA, PL","2017-08-28","11.7",,"15.0","18.1",
"PL000012120","LEBA, PL","2017-08-29","0.0",,"15.7","22.6","7.7"
"PL000012120","LEBA, PL","2017-08-30",,,"20.3","26.9","13.9"
"PL000012120","LEBA, PL","2017-08-31",,,"20.0","25.0",
"PL000012120","LEBA, PL","2017-09-01",,,"16.1","19.4",
"PL000012120","LEBA, PL","2017-09-02","4.8",,"14.4","18.0","11.5"
"PL000012120","LEBA, PL","2017-09-03","4.1",,"15.4","16.6","13.5"
"PL000012120","LEBA, PL","2017-09-04","5.1",,"16.4","18.3","14.3"
"PL000012120","LEBA, PL","2017-09-05","8.4",,"17.1","18.8",
"PL000012120","LEBA, PL","2017-09-06","0.3",,"14.3","16.6",
"PL000012120","LEBA, PL","2017-09-07","13.0",,"13.2","16.0","11.5"
"PL000012120","LEBA, PL","2017-09-08","1.0",,"14.2","17.9","11.4"
"PL000012120","LEBA, PL","2017-09-09","1.0",,"16.1","19.7","12.9"
"PL000012120","LEBA, PL","2017-09-10","0.0",,"14.8","17.3",
"PL000012120","LEBA, PL","2017-09-11","0.3",,"16.3","21.2","11.6"
"PL000012120","LEBA, PL","2017-09-12","0.0",,"14.9","19.3","10.2"
"PL000012120","LEBA, PL","2017-09-13",,,"13.1","16.1","10.4"
"PL000012120","LEBA, PL","2017-09-14","2.8",,"13.2","16.0",
"PL000012120","LEBA, PL","2017-09-15","15.0",,"12.8","16.8","10.5"
"PL000012120","LEBA, PL","2017-09-16","2.5",,"12.9","18.3","7.4"
"PL000012120","LEBA, PL","2017-09-17","2.5",,"13.6","16.2","9.6"
"PL000012120","LEBA, PL","2017-09-18","11.9",,"13.5","14.9","11.9"
"PL000012120","LEBA, PL","2017-09-19","3.0",,"12.4","16.9",
"PL000012120","LEBA, PL","2017-09-20","0.0",,"11.6","16.9","6.9"
"PL000012120","LEBA, PL","2017-09-21","0.3",,"12.4","16.4","7.1"
"PL000012120","LEBA, PL","2017-09-22","1.5",,"14.1","16.0",
"PL000012120","LEBA, PL","2017-09-23","0.5",,"14.7","16.6","12.2"
"PL000012120","LEBA, PL","2017-09-24","0.3",,"14.6","18.7","11.6"
"PL000012120","LEBA, PL","2017-09-25","0.0",,"14.6","18.4",
"PL000012120","LEBA, PL","2017-09-26","0.0",,"15.1","19.7","10.2"
"PL000012120","LEBA, PL","2017-09-27","0.0",,"15.0","20.2","10.8"
"PL000012120","LEBA, PL","2017-09-28","0.0",,"13.7","18.9","9.5"
"PL000012120","LEBA, PL","2017-09-29","0.0",,"11.3","17.0","7.3"
"PL000012120","LEBA, PL","2017-09-30","0.0",,"11.1","16.6","5.4"
"PL000012120","LEBA, PL","2017-10-01","0.0",,"11.8","17.1","7.7"
"PL000012120","LEBA, PL","2017-10-02","3.0",,"12.4","17.0","7.9"
"PL000012120","LEBA, PL","2017-10-03","4.1",,"13.1","15.3","12.1"
"PL000012120","LEBA, PL","2017-10-04","14.0",,"11.2","13.3",
"PL000012120","LEBA, PL","2017-10-05","13.0",,"10.6",,"8.4"
"PL000012120","LEBA, PL","2017-10-06","0.0",,"12.3","14.0","8.4"
"PL000012120","LEBA, PL","2017-10-07","0.0",,"10.4","12.9","8.6"
"PL000012120","LEBA, PL","2017-10-08","9.7",,"9.8","11.3","7.7"
"PL000012120","LEBA, PL","2017-10-09","0.5",,"9.9","10.5","8.0"
"PL000012120","LEBA, PL","2017-10-10","3.3",,"10.1","12.2","8.1"
"PL000012120","LEBA, PL","2017-10-11","8.4",,"12.2","13.3","8.2"
"PL000012120","LEBA, PL","2017-10-12","3.0",,"12.6","14.6","11.3"
"PL000012120","LEBA, PL","2017-10-13","2.0",,"11.4","12.8",
"PL000012120","LEBA, PL","2017-10-14","0.5",,"13.2","14.4","9.7"
"PL000012120","LEBA, PL","2017-10-15","0.0",,"13.3","15.7",
"PL000012120","LEBA, PL","2017-10-16","0.0",,"13.6","16.8","10.3"
"PL000012120","LEBA, PL","2017-10-17","0.0",,"13.7","17.2","10.2"
"PL000012120","LEBA, PL","2017-10-18","0.0",,"12.7","15.0",
"PL000012120","LEBA, PL","2017-10-19","0.0",,"11.6","13.7","10.5"
"PL000012120","LEBA, PL","2017-10-20","0.0",,"12.2","16.3","9.6"
"PL000012120","LEBA, PL","2017-10-21","4.8",,"12.2","13.1",
"PL000012120","LEBA, PL","2017-10-22","10.4",,"10.9","12.4",
"PL000012120","LEBA, PL","2017-10-23","5.6",,"9.1","11.5",
"PL000012120","LEBA, PL","2017-10-24","0.5",,"7.8",,"7.0"
"PL000012120","LEBA, PL","2017-10-25","4.6",,"11.4","14.4","8.6"
"PL000012120","LEBA, PL","2017-10-26","8.9",,"11.8","12.8",
"PL000012120","LEBA, PL","2017-10-27","5.1",,"9.3","11.9","7.4"
"PL000012120","LEBA, PL","2017-10-28","4.3",,"10.4","11.8","7.0"
"PL000012120","LEBA, PL","2017-10-29","14.7",,"7.8","11.0","5.7"
"PL000012120","LEBA, PL","2017-10-30","2.8",,"5.9","7.9","4.8"
"PL000012120","LEBA, PL","2017-10-31","0.3",,"7.5",,"5.2"
"PL000012120","LEBA, PL","2017-11-01","0.5",,"9.6","11.6","7.5"
"PL000012120","LEBA, PL","2017-11-02","7.6",,"10.2","11.8","8.9"
"PL000012120","LEBA, PL","2017-11-03","4.8",,"9.0","11.4",
"PL000012120","LEBA, PL","2017-11-04","1.0",,"8.3","11.4","6.8"
"PL000012120","LEBA, PL","2017-11-05","0.0",,"9.4","13.7","6.3"
"PL000012120","LEBA, PL","2017-11-06","0.0",,"8.7","10.7",
"PL000012120","LEBA, PL","2017-11-07","0.3",,"4.6","10.7","0.1"
"PL000012120","LEBA, PL","2017-11-08","0.0",,"6.6","7.6","3.2"
"PL000012120","LEBA, PL","2017-11-09","0.0",,"5.0",,"4.0"
"PL000012120","LEBA, PL","2017-11-10","0.5",,"7.1","8.2","5.1"
"PL000012120","LEBA, PL","2017-11-11","10.9",,"5.3","7.9",
"PL000012120","LEBA, PL","2017-11-12","7.4",,"5.2","7.3","2.7"
"PL000012120","LEBA, PL","2017-11-13","19.6",,"4.8","8.0","3.3"
"PL000012120","LEBA, PL","2017-11-14","1.0",,"5.1",,"2.6"
"PL000012120","LEBA, PL","2017-11-15","1.5",,"7.3","8.7","4.7"
"PL000012120","LEBA, PL","2017-11-16","2.8",,"5.9",,"3.8"
"PL000012120","LEBA, PL","2017-11-17","1.0",,"7.1","9.0",
"PL000012120","LEBA, PL","2017-11-18","0.5",,"4.5","7.2",
"PL000012120","LEBA, PL","2017-11-19","17.3",,"4.2",,"2.4"
"PL000012120","LEBA, PL","2017-11-20","13.7",,"2.6","6.0",
"PL000012120","LEBA, PL","2017-11-21","0.3",,"-0.1","3.2","-2.8"
"PL000012120","LEBA, PL","2017-11-22","0.0",,"2.8",,"-0.7"
"PL000012120","LEBA, PL","2017-11-23","2.5",,"8.3","10.0","4.2"
"PL000012120","LEBA, PL","2017-11-24","0.0",,"6.5","9.7","3.9"
"PL000012120","LEBA, PL","2017-11-25","0.0",,"4.6","6.3","3.7"
"PL000012120","LEBA, PL","2017-11-26","16.0",,"3.7","5.1","2.6"
"PL000012120","LEBA, PL","2017-11-27","0.0",,"3.9","5.7",
"PL000012120","LEBA, PL","2017-11-28","0.5",,"4.4","5.8","2.3"
"PL000012120","LEBA, PL","2017-11-29","0.0",,"3.1","6.3",
"PL000012120","LEBA, PL","2017-11-30",,,"0.9",,"-0.6"
"PL000012120","LEBA, PL","2017-12-01","3.3",,"4.6","6.1","-0.2"
"PL000012120","LEBA, PL","2017-12-02","1.8",,"2.8","5.3","1.2"
"PL000012120","LEBA, PL","2017-12-03","1.5",,"0.9","2.7","-0.6"
"PL000012120","LEBA, PL","2017-12-04","2.0",,"4.0","5.7","0.1"
"PL000012120","LEBA, PL","2017-12-05","0.0",,"4.7","7.2","1.9"
"PL000012120","LEBA, PL","2017-12-06","5.6",,"7.2",,"6.9"
"PL000012120","LEBA, PL","2017-12-07","10.2",,"6.1","7.8",
"PL000012120","LEBA, PL","2017-12-08","1.8",,"3.9","6.4",
"PL000012120","LEBA, PL","2017-12-09","8.4",,"1.3","3.2",
"PL000012120","LEBA, PL","2017-12-10","10.9","10.0","0.6","2.0","-1.0"
"PL000012120","LEBA, PL","2017-12-11","20.1",,"1.6",,"-1.6"
"PL000012120","LEBA, PL","2017-12-12","2.5",,"4.5","7.3",
"PL000012120","LEBA, PL","2017-12-13","5.6",,"2.1","4.1","1.1"
"PL000012120","LEBA, PL","2017-12-14","0.0",,"2.6","4.3","0.5"
"PL000012120","LEBA, PL","2017-12-15","0.5",,"1.9","3.8",
"PL000012120","LEBA, PL","2017-12-16","0.0",,"1.3","2.5","-0.8"
"PL000012120","LEBA, PL","2017-12-17","0.5",,"-0.8","1.6","-1.5"
"PL000012120","LEBA, PL","2017-12-18","0.0",,"-2.0","-0.5","-4.0"
"PL000012120","LEBA, PL","2017-12-19",,,"-0.7","0.0","-4.1"
"PL000012120","LEBA, PL","2017-12-20",,,"-2.0","0.0","-3.0"
"PL000012120","LEBA, PL","2017-12-21","2.3",,"3.3",,"-2.1"
"PL000012120","LEBA, PL","2017-12-22","0.0",,"5.1","6.1","2.6"
"PL000012120","LEBA, PL","2017-12-23","3.0",,"5.7","7.3","3.5"
"PL000012120","LEBA, PL","2017-12-24","6.9",,"7.2","8.0","6.1"
"PL000012120","LEBA, PL","2017-12-25","12.7",,"7.3","8.2","6.2"
"PL000012120","LEBA, PL","2017-12-26","1.8",,"5.8","7.7","4.5"
"PL000012120","LEBA, PL","2017-12-27","0.0",,"3.1","6.9","0.3"
"PLM00012566","BALICE, PL","2017-01-02",,,"-2.4","1.5","-8.5"
"PLM00012566","BALICE, PL","2017-01-03",,,"-1.3",,
"PLM00012566","BALICE, PL","2017-01-04","2.0",,"0.9",,
"PLM00012566","BALICE, PL","2017-01-05","0.8",,"-4.7","0.9",
"PLM00012566","BALICE, PL","2017-01-06","80.0",,"-13.8","-7.8",
"PLM00012566","BALICE, PL","2017-01-07","0.0","79.0","-19.8","-15.2","-24.1"
"PLM00012566","BALICE, PL","2017-01-08","0.0","79.0","-16.8",,"-23.6"
"PLM00012566","BALICE, PL","2017-01-09",,"71.0","-10.7",,"-15.5"
"PLM00012566","BALICE, PL","2017-01-10",,"71.0","-9.9","-4.4",
"PLM00012566","BALICE, PL","2017-01-11",,"71.0","-12.4","-5.6",
"PLM00012566","BALICE, PL","2017-01-12","0.8",,"-0.4","2.3","-12.5"
"PLM00012566","BALICE, PL","2017-01-13","0.3","79.0","1.8",,"-3.1"
"PLM00012566","BALICE, PL","2017-01-14","39.9",,"0.2","2.7",
"PLM00012566","BALICE, PL","2017-01-15","0.5",,"-2.7","0.0",
"PLM00012566","BALICE, PL","2017-01-16","1.0",,"-3.4","-0.3","-8.9"
"PLM00012566","BALICE, PL","2017-01-17","70.1",,"-4.5","-2.0",
"PLM00012566","BALICE, PL","2017-01-18",,,"-6.7","-5.4","-8.1"
"PLM00012566","BALICE, PL","2017-01-19","70.1",,"-7.8","-5.7",
"PLM00012566","BALICE, PL","2017-01-20","0.0","71.0","-4.1",,"-13.6"
"PLM00012566","BALICE, PL","2017-01-21",,"71.0","-0.3","1.2",
"PLM00012566","BALICE, PL","2017-01-22",,"71.0","-0.6","2.0",
"PLM00012566","BALICE, PL","2017-01-23",,"61.0","-5.1","2.4",
"PLM00012566","BALICE, PL","2017-01-24",,"61.0","-5.6","-3.9","-9.7"
"PLM00012566","BALICE, PL","2017-01-25","0.0",,"-2.8","-1.5",
"PLM00012566","BALICE, PL","2017-01-26","50.0",,"-4.0",,
"PLM00012566","BALICE, PL","2017-01-27","0.0","51.0","-7.3",,"-13.4"
"PLM00012566","BALICE, PL","2017-01-28",,"41.0","-8.0","-1.2",
"PLM00012566","BALICE, PL","2017-01-29",,"41.0","-7.8",,"-13.1"
"PLM00012566","BALICE, PL","2017-01-30",,"41.0","-7.2","1.9","-13.1"
"PLM00012566","BALICE, PL","2017-01-31",,"41.0","-4.7","1.6",
"PLM00012566","BALICE, PL","2017-02-01",,"41.0","-1.7","1.1",
"PLM00012566","BALICE, PL","2017-02-02","5.1","10.0","0.1","3.2",
"PLM00012566","BALICE, PL","2017-02-03","1.5",,"1.1","4.2","-1.9"
"PLM00012566","BALICE, PL","2017-02-04","0.0","41.0","0.1","1.7","-0.1"
"PLM00012566","BALICE, PL","2017-02-05","0.5",,"0.9","2.0","0.0"
"PLM00012566","BALICE, PL","2017-02-06","2.0","20.0","-0.7","1.7",
"PLM00012566","BALICE, PL","2017-02-07","0.3",,"-4.2","-1.3",
"PLM00012566","BALICE, PL","2017-02-08","30.0",,"-7.4","-5.4","-8.3"
"PLM00012566","BALICE, PL","2017-02-09","30.0",,"-6.7",,
"PLM00012566","BALICE, PL","2017-02-10","0.0","30.0","-4.1","-0.7",
"PLM00012566","BALICE, PL","2017-02-11",,"20.0","-6.9",,"-10.0"
"PLM00012566","BALICE, PL","2017-02-12",,"20.0","-6.8","-2.7","-10.2"
"PLM00012566","BALICE, PL","2017-02-13","20.1",,"-7.0","-4.7",
"PLM00012566","BALICE, PL","2017-02-14","20.1",,"-3.6","4.1","-9.3"
"PLM00012566","BALICE, PL","2017-02-15","0.0","20.0","0.2","9.8","-6.5"
"PLM00012566","BALICE, PL","2017-02-16",,,"1.6","10.5","-5.5"
"PLM00012566","BALICE, PL","2017-02-17",,,"0.8",,
"PLM00012566","BALICE, PL","2017-02-18",,,"1.7",,
"PLM00012566","BALICE, PL","2017-02-19",,,"1.9",,
"PLM00012566","BALICE, PL","2017-02-20",,,"1.9",,"-4.2"
"PLM00012566","BALICE, PL","2017-02-21","3.8",,"5.2",,
"PLM00012566","BALICE, PL","2017-02-22","7.6",,"6.2",,"1.0"
"PLM00012566","BALICE, PL","2017-02-23","5.3",,"6.3",,
"PLM00012566","BALICE, PL","2017-02-24","0.8",,"5.8","12.1",
"PLM00012566","BALICE, PL","2017-02-25","0.0",,"-0.1",,"-3.2"
"PLM00012566","BALICE, PL","2017-02-26","0.0",,"3.1","7.6","-3.1"
"PLM00012566","BALICE, PL","2017-02-27","0.0",,"8.1",,"0.4"
"PLM00012566","BALICE, PL","2017-02-28",,,"7.9","13.4","-0.1"
"PLM00012566","BALICE, PL","2017-03-01","1.0",,"6.2","11.7",
"PLM00012566","BALICE, PL","2017-03-02","0.0",,"5.6","12.1","-2.1"
"PLM00012566","BALICE, PL","2017-03-03","0.3",,"5.1",,
"PLM00012566","BALICE, PL","2017-03-04","0.0",,"8.4","16.5","-1.4"
"PLM00012566","BALICE, PL","2017-03-05","0.0",,"13.0","16.0",
"PLM00012566","BALICE, PL","2017-03-06","8.4",,"6.1","12.4",
"PLM00012566","BALICE, PL","2017-03-07","0.5",,"4.3","9.7","-0.4"
"PLM00012566","BALICE, PL","2017-03-08","1.5",,"3.4","6.5",
"PLM00012566","BALICE, PL","2017-03-09","0.0",,"2.3","6.0","-2.1"
"PLM00012566","BALICE, PL","2017-03-10","0.5",,"3.7",,"-1.3"
"PLM00012566","BALICE, PL","2017-03-11","0.0",,"4.6","8.2",
"PLM00012566","BALICE, PL","2017-03-12",,,"3.5",,"1.5"
"PLM00012566","BALICE, PL","2017-03-13",,,"3.8",,"1.5"
"PLM00012566","BALICE, PL","2017-03-14",,,"3.8",,
"PLM00012566","BALICE, PL","2017-03-15",,,"4.9","12.2","-1.7"
"PLM00012566","BALICE, PL","2017-03-16",,,"4.7","10.5",
"PLM00012566","BALICE, PL","2017-03-17",,,"6.1","13.3","-3.3"
"PLM00012566","BALICE, PL","2017-03-18","2.0",,"5.1","9.7","1.5"
"PLM00012566","BALICE, PL","2017-03-19","5.8",,"4.0","8.2","1.0"
"PLM00012566","BALICE, PL","2017-03-20","5.8",,"8.6","12.2","2.7"
"PLM00012566","BALICE, PL","2017-03-21","0.0",,"9.3",,"3.5"
"PLM00012566","BALICE, PL","2017-03-22","2.3",,"5.8","10.2",
"PLM00012566","BALICE, PL","2017-03-23","10.7",,"5.6","7.4",
"PLM00012566","BALICE, PL","2017-03-24","0.0",,"6.1",,
"PLM00012566","BALICE, PL","2017-03-25",,,"4.7","11.3",
"PLM00012566","BALICE, PL","2017-03-26",,,"2.8","7.2",
"PLM00012566","BALICE, PL","2017-03-27",,,"6.7",,"-2.5"
"PLM00012566","BALICE, PL","2017-03-28",,,"10.5",,
"PLM00012566","BALICE, PL","2017-03-29",,,"11.7",,"2.7"
"PLM00012566","BALICE, PL","2017-03-30","0.3",,"10.1",,
"PLM00012566","BALICE, PL","2017-03-31","0.0",,"11.6","20.4",
"PLM00012566","BALICE, PL","2017-04-01",,,"13.4",,"3.5"
"PLM00012566","BALICE, PL","2017-04-02",,,"15.1","24.1",
"PLM00012566","BALICE, PL","2017-04-03",,,"11.9","17.4","6.7"
"PLM00012566","BALICE, PL","2017-04-04",,,"12.9","19.4","6.7"
"PLM00012566","BALICE, PL","2017-04-05",,,"11.2","18.3",
"PLM00012566","BALICE, PL","2017-04-06","5.6",,"5.7","11.0",
"PLM00012566","BALICE, PL","2017-04-07","3.6",,"5.1","8.0","1.1"
"PLM00012566","BALICE, PL","2017-04-08","2.3",,"9.9","14.0",
"PLM00012566","BALICE, PL","2017-04-09","0.0",,"8.8","15.1","2.8"
"PLM00012566","BALICE, PL","2017-04-10",,,"11.7","20.0",
"PLM00012566","BALICE, PL","2017-04-11","1.3",,"8.0","15.8",
"PLM00012566","BALICE, PL","2017-04-12","0.0",,"8.0","12.1",
"PLM00012566","BALICE, PL","2017-04-13","2.0",,"8.5","11.2",
"PLM00012566","BALICE, PL","2017-04-14","0.8",,"7.3",,
"PLM00012566","BALICE, PL","2017-04-15","0.0",,"8.3","14.0","1.6"
"PLM00012566","BALICE, PL","2017-04-16","2.5",,"5.9","11.0",
"PLM00012566","BALICE, PL","2017-04-17","2.0",,"5.3","9.4",
"PLM00012566","BALICE, PL","2017-04-18","9.1",,"1.9","5.3",
"PLM00012566","BALICE, PL","2017-04-19","23.6",,"2.3","5.1",
"PLM00012566","BALICE, PL","2017-04-20","3.6",,"1.8","4.5",
"PLM00012566","BALICE, PL","2017-04-21","0.0",,"4.8","9.5",
"PLM00012566","BALICE, PL","2017-04-22","0.5",,"6.7","11.0",
"PLM00012566","BALICE, PL","2017-04-23","0.5",,"4.3","9.3",
"PLM00012566","BALICE, PL","2017-04-24","0.3",,"5.5",,
"PLM00012566","BALICE, PL","2017-04-25","0.0",,"10.3","19.6","-0.3"
"PLM00012566","BALICE, PL","2017-04-26","3.3",,"6.1","12.0",
"PLM00012566","BALICE, PL","2017-04-27","8.4",,"4.5",,
"PLM00012566","BALICE, PL","2017-04-28","18.5",,"5.4",,
"PLM00012566","BALICE, PL","2017-04-29","18.0",,"6.5",,
"PLM00012566","BALICE, PL","2017-04-30","0.3",,"6.7","12.1",
"PLM00012566","BALICE, PL","2017-05-01","0.3",,"7.9","13.2","1.4"
"PLM00012566","BALICE, PL","2017-05-02","0.0",,"9.6",,
"PLM00012566","BALICE, PL","2017-05-03","2.8",,"10.7","13.2","8.9"
"PLM00012566","BALICE, PL","2017-05-04","6.4",,"11.2",,
"PLM00012566","BALICE, PL","2017-05-05","4.6",,"13.1","18.3","6.6"
"PLM00012566","BALICE, PL","2017-05-06","4.8",,"13.9","16.1",
"PLM00012566","BALICE, PL","2017-05-07","1.8",,"12.8","16.4",
"PLM00012566","BALICE, PL","2017-05-08","0.0",,"9.8","14.5",
"PLM00012566","BALICE, PL","2017-05-09","0.0",,"4.6","9.6",
"PLM00012566","BALICE, PL","2017-05-10","0.3",,"5.2","10.3","-1.6"
"PLM00012566","BALICE, PL","2017-05-11","0.0",,"12.0",,"0.7"
"PLM00012566","BALICE, PL","2017-05-12","1.0",,"12.8","18.0","7.0"
"PLM00012566","BALICE, PL","2017-05-13","0.8",,"12.7","15.1",
"PLM00012566","BALICE, PL","2017-05-14","0.0",,"14.3","20.0","6.7"
"PLM00012566","BALICE, PL","2017-05-15",,,"14.6",,"6.9"
"PLM00012566","BALICE, PL","2017-05-16","4.1",,"13.1",,
"PLM00012566","BALICE, PL","2017-05-17",,,"14.8","21.2","7.4"
"PLM00012566","BALICE, PL","2017-05-18",,,"16.7","23.6","7.6"
"PLM00012566","BALICE, PL","2017-05-19",,,"18.8","26.0","9.3"
"PLM00012566","BALICE, PL","2017-05-20",,,"16.6","23.1",
"PLM00012566","BALICE, PL","2017-05-21","0.0",,"15.2",,"11.9"
"PLM00012566","BALICE, PL","2017-05-22","0.0",,"17.1",,
"PLM00012566","BALICE, PL","2017-05-23",,,"16.2","24.1","11.6"
"PLM00012566","BALICE, PL","2017-05-24","13.7",,"12.8","15.8",
"PLM00012566","BALICE, PL","2017-05-25","3.8",,"12.5","17.1",
"PLM00012566","BALICE, PL","2017-05-26","2.0",,"14.9","19.5","9.2"
"PLM00012566","BALICE, PL","2017-05-27","0.5",,"15.3","20.1","8.6"
"PLM00012566","BALICE, PL","2017-05-28","0.0",,"17.1","24.7","7.8"
"PLM00012566","BALICE, PL","2017-05-29",,,"19.7","26.2","10.0"
"PLM00012566","BALICE, PL","2017-05-30",,,"21.1","29.9",
"PLM00012566","BALICE, PL","2017-05-31","0.8",,"19.5","24.5",
"PLM00012566","BALICE, PL","2017-06-01",,,"16.9","22.2",
"PLM00012566","BALICE, PL","2017-06-02",,,"16.7","24.4","6.8"
"PLM00012566","BALICE, PL","2017-06-03",,,"17.4","24.4","8.3"
"PLM00012566","BALICE, PL","2017-06-04",,,"19.4",,"10.6"
"PLM00012566","BALICE, PL","2017-06-05",,,"18.1",,
"PLM00012566","BALICE, PL","2017-06-06",,,"21.2","28.4","13.6"
"PLM00012566","BALICE, PL","2017-06-07","6.6",,"16.9","26.0","12.7"
"PLM00012566","BALICE, PL","2017-06-08","0.0",,"15.9","21.5",
"PLM00012566","BALICE, PL","2017-06-09",,,"17.6","24.5",
"PLM00012566","BALICE, PL","2017-06-10",,,"15.6","23.3",
"PLM00012566","BALICE, PL","2017-06-11",,,"17.3",,
"PLM00012566","BALICE, PL","2017-06-12",,,"19.2","27.3","9.6"
"PLM00012566","BALICE, PL","2017-06-13",,,"17.3","22.2",
"PLM00012566","BALICE, PL","2017-06-14",,,"15.8","20.1",
"PLM00012566","BALICE, PL","2017-06-15",,,"16.4","23.2","7.1"
"PLM00012566","BALICE, PL","2017-06-16",,,"15.6","23.2",
"PLM00012566","BALICE, PL","2017-06-17","1.5",,"12.9","16.2",
"PLM00012566","BALICE, PL","2017-06-18",,,"17.8","23.1","12.2"
"PLM00012566","BALICE, PL","2017-06-19",,,"19.9",,"11.4"
"PLM00012566","BALICE, PL","2017-06-20",,,"23.0","30.0","13.5"
"PLM00012566","BALICE, PL","2017-06-21",,,"20.9","26.0",
"PLM00012566","BALICE, PL","2017-06-22",,,"20.1",,"10.3"
"PLM00012566","BALICE, PL","2017-06-23","1.0",,"19.2","24.5",
"PLM00012566","BALICE, PL","2017-06-24","5.6",,"21.2",,"15.5"
"PLM00012566","BALICE, PL","2017-06-25","0.0",,"22.2",,"13.6"
"PLM00012566","BALICE, PL","2017-06-26",,,"21.8",,
"PLM00012566","BALICE, PL","2017-06-27",,,"21.4","26.1","16.6"
"PLM00012566","BALICE, PL","2017-06-28",,,"25.1","33.2",
"PLM00012566","BALICE, PL","2017-06-29","2.8",,"21.6","29.0",
"PLM00012566","BALICE, PL","2017-06-30","0.0",,"19.8","25.3",
"PLM00012566","BALICE, PL","2017-07-01","0.5",,"18.0","24.2",
"PLM00012566","BALICE, PL","2017-07-02","0.0",,"16.9","20.4","13.8"
"PLM00012566","BALICE, PL","2017-07-03","1.0",,"16.8","21.4",
"PLM00012566","BALICE, PL","2017-07-04","0.0",,"16.1","23.1",
"PLM00012566","BALICE, PL","2017-07-05",,,"17.3",,
"PLM00012566","BALICE, PL","2017-07-06","7.6",,"17.3",,
"PLM00012566","BALICE, PL","2017-07-07","0.0",,"17.1","22.5","8.8"
"PLM00012566","BALICE, PL","2017-07-08","1.0",,"19.1","25.3",
"PLM00012566","BALICE, PL","2017-07-09","5.1",,"20.2","27.4",
"PLM00012566","BALICE, PL","2017-07-10","0.0",,"21.8","28.1",
"PLM00012566","BALICE, PL","2017-07-11","7.6",,"20.0","26.5",
"PLM00012566","BALICE, PL","2017-07-12","2.3",,"21.1","27.0",
"PLM00012566","BALICE, PL","2017-07-13","2.5",,"15.7","23.8",
"PLM00012566","BALICE, PL","2017-07-14","0.3",,"15.9","21.5",
"PLM00012566","BALICE, PL","2017-07-15","2.5",,"15.2",,
"PLM00012566","BALICE, PL","2017-07-16","0.0",,"17.0",,"9.2"
"PLM00012566","BALICE, PL","2017-07-17",,,"18.1",,"10.9"
"PLM00012566","BALICE, PL","2017-07-18",,,"20.7",,"12.7"
"PLM00012566","BALICE, PL","2017-07-19",,,"22.7",,"15.5"
"PLM00012566","BALICE, PL","2017-07-20",,,"24.1","32.4","14.6"
"PLM00012566","BALICE, PL","2017-07-21",,,"19.8","25.4",
"PLM00012566","BALICE, PL","2017-07-22",,,"22.1",,"14.7"
"PLM00012566","BALICE, PL","2017-07-23","36.1",,"20.9","28.3",
"PLM00012566","BALICE, PL","2017-07-24","1.5",,"21.2","27.2","13.7"
"PLM00012566","BALICE, PL","2017-07-25","0.8",,"17.1","23.1",
"PLM00012566","BALICE, PL","2017-07-26","0.0",,"16.4",,"10.1"
"PLM00012566","BALICE, PL","2017-07-27","0.0",,"17.1","23.3","10.6"
"PLM00012566","BALICE, PL","2017-07-28","0.3",,"18.1",,"13.2"
"PLM00012566","BALICE, PL","2017-07-29","0.0",,"19.6","25.5","12.5"
"PLM00012566","BALICE, PL","2017-07-30",,,"23.3",,"11.9"
"PLM00012566","BALICE, PL","2017-07-31",,,"25.9",,
"PLM00012566","BALICE, PL","2017-08-01",,,"27.2","35.2","17.5"
"PLM00012566","BALICE, PL","2017-08-02",,,"24.8","31.6","17.5"
"PLM00012566","BALICE, PL","2017-08-03",,,"25.7","34.0","16.9"
"PLM00012566","BALICE, PL","2017-08-04",,,"24.3",,"17.9"
"PLM00012566","BALICE, PL","2017-08-05",,,"24.8",,
"PLM00012566","BALICE, PL","2017-08-06",,,"18.9","27.5","16.9"
"PLM00012566","BALICE, PL","2017-08-07",,,"16.8","20.6",
"PLM00012566","BALICE, PL","2017-08-08",,,"17.9","25.2","10.3"
"PLM00012566","BALICE, PL","2017-08-09",,,"23.2",,"12.8"
"PLM00012566","BALICE, PL","2017-08-10",,,"26.4",,"19.6"
"PLM00012566","BALICE, PL","2017-08-11",,,"27.1","35.3","18.6"
"PLM00012566","BALICE, PL","2017-08-12","1.0",,"17.3","30.5",
"PLM00012566","BALICE, PL","2017-08-13","9.1",,"16.4",,
"PLM00012566","BALICE, PL","2017-08-14","0.0",,"17.9","23.1","12.0"
"PLM00012566","BALICE, PL","2017-08-15",,,"19.1",,"11.9"
"PLM00012566","BALICE, PL","2017-08-16",,,"21.9",,"12.9"
"PLM00012566","BALICE, PL","2017-08-17",,,"21.7","27.2","16.8"
"PLM00012566","BALICE, PL","2017-08-18",,,"23.4",,
"PLM00012566","BALICE, PL","2017-08-19",,,"19.6",,"15.5"
"PLM00012566","BALICE, PL","2017-08-20","25.7",,"14.4","17.3",
"PLM00012566","BALICE, PL","2017-08-21","23.6",,"14.3",,
"PLM00012566","BALICE, PL","2017-08-22","0.3",,"14.6","19.7","10.5"
"PLM00012566","BALICE, PL","2017-08-23","0.0",,"14.1","18.5",
"PLM00012566","BALICE, PL","2017-08-24","0.0",,"16.3","24.3","6.9"
"PLM00012566","BALICE, PL","2017-08-25",,,"19.8",,"12.2"
"PLM00012566","BALICE, PL","2017-08-26","5.3",,"20.1",,
"PLM00012566","BALICE, PL","2017-08-27","3.0",,"21.5",,
"PLM00012566","BALICE, PL","2017-08-28","0.0",,"16.7","21.2",
"PLM00012566","BALICE, PL","2017-08-29",,,"16.2","22.3","9.2"
"PLM00012566","BALICE, PL","2017-08-30",,,"18.1","26.6","8.9"
"PLM00012566","BALICE, PL","2017-08-31",,,"20.3",,
"PLM00012566","BALICE, PL","2017-09-01",,,"19.2",,
"PLM00012566","BALICE, PL","2017-09-02","7.9",,"13.4","18.4",
"PLM00012566","BALICE, PL","2017-09-03","10.9",,"13.0","15.1",
"PLM00012566","BALICE, PL","2017-09-04","1.0",,"13.6","18.1",
"PLM00012566","BALICE, PL","2017-09-05","0.0",,"12.9","15.2","10.9"
"PLM00012566","BALICE, PL","2017-09-06","4.3",,"15.9",,"12.5"
"PLM00012566","BALICE, PL","2017-09-07","5.8",,"14.3","17.2",
"PLM00012566","BALICE, PL","2017-09-08","0.0",,"15.0","20.3",
"PLM00012566","BALICE, PL","2017-09-09","0.0",,"17.2","25.4","8.0"
"PLM00012566","BALICE, PL","2017-09-10",,,"18.8","25.1","11.4"
"PLM00012566","BALICE, PL","2017-09-11",,,"20.0",,
"PLM00012566","BALICE, PL","2017-09-12","23.9",,"13.8","19.7",
"PLM00012566","BALICE, PL","2017-09-13","12.2",,"15.4","19.2",
"PLM00012566","BALICE, PL","2017-09-14","0.5",,"19.7","26.2",
"PLM00012566","BALICE, PL","2017-09-15","2.8",,"12.7",,"9.4"
"PLM00012566","BALICE, PL","2017-09-16","0.5",,"12.7","14.3","10.7"
"PLM00012566","BALICE, PL","2017-09-17","0.8",,"12.7",,
"PLM00012566","BALICE, PL","2017-09-18","24.9",,"12.3",,
"PLM00012566","BALICE, PL","2017-09-19","0.0",,"10.0","13.3",
"PLM00012566","BALICE, PL","2017-09-20","6.6",,"11.1","12.4",
"PLM00012566","BALICE, PL","2017-09-21","2.3",,"10.9","11.4",
"PLM00012566","BALICE, PL","2017-09-22","24.9",,"10.9","12.2",
"PLM00012566","BALICE, PL","2017-09-23","11.9",,"11.1",,
"PLM00012566","BALICE, PL","2017-09-24","10.9",,"13.1",,
"PLM00012566","BALICE, PL","2017-09-25","20.1",,"13.5","18.2",
"PLM00012566","BALICE, PL","2017-09-26","0.0",,"11.3",,"9.7"
"PLM00012566","BALICE, PL","2017-09-27","0.0",,"12.3",,
"PLM00012566","BALICE, PL","2017-09-28","0.0",,"10.7",,"4.9"
"PLM00012566","BALICE, PL","2017-09-29","0.0",,"9.6","16.1",
"PLM00012566","BALICE, PL","2017-09-30","0.0",,"9.2",,
"PLM00012566","BALICE, PL","2017-10-01","0.0",,"8.8",,"1.7"
"PLM00012566","BALICE, PL","2017-10-02","0.0",,"9.5",,"1.9"
"PLM00012566","BALICE, PL","2017-10-03","0.8",,"10.4",,
"PLM00012566","BALICE, PL","2017-10-04","8.9",,"11.4",,"8.0"
"PLM00012566","BALICE, PL","2017-10-05","0.0",,"11.4",,"9.8"
"PLM00012566","BALICE, PL","2017-10-06","2.8",,"8.8","14.5","7.4"
"PLM00012566","BALICE, PL","2017-10-07","9.1",,"8.8","12.4",
"PLM00012566","BALICE, PL","2017-10-08","0.0",,"8.9",,
"PLM00012566","BALICE, PL","2017-10-09","3.3",,"7.1","10.2","4.8"
"PLM00012566","BALICE, PL","2017-10-10","0.3",,"9.0",,"4.9"
"PLM00012566","BALICE, PL","2017-10-11","0.8",,"12.4",,
"PLM00012566","BALICE, PL","2017-10-12","0.3",,"13.3",,"7.7"
"PLM00012566","BALICE, PL","2017-10-13","0.3",,"11.1","15.4",
"PLM00012566","BALICE, PL","2017-10-14","0.0",,"11.7",,
"PLM00012566","BALICE, PL","2017-10-15","0.0",,"14.6","20.0",
"PLM00012566","BALICE, PL","2017-10-16","0.0",,"13.7","23.4",
"PLM00012566","BALICE, PL","2017-10-17","0.0",,"13.5","23.1","6.6"
"PLM00012566","BALICE, PL","2017-10-18","0.0",,"12.9","22.2","5.4"
"PLM00012566","BALICE, PL","2017-10-19","0.0",,"11.4","18.4","5.7"
"PLM00012566","BALICE, PL","2017-10-20","0.0",,"10.2","12.3","6.8"
"PLM00012566","BALICE, PL","2017-10-21","0.0",,"10.4","14.0",
"PLM00012566","BALICE, PL","2017-10-22","0.0",,"8.8","10.1","6.9"
"PLM00012566","BALICE, PL","2017-10-23","8.9",,"8.8",,
"PLM00012566","BALICE, PL","2017-10-24","11.2",,"6.7","8.6",
"PLM00012566","BALICE, PL","2017-10-25","0.0",,"7.4",,
"PLM00012566","BALICE, PL","2017-10-26","0.3",,"12.4","15.3","9.8"
"PLM00012566","BALICE, PL","2017-10-27","1.0",,"9.4","12.5","6.9"
"PLM00012566","BALICE, PL","2017-10-28","6.6",,"7.1","8.5","4.6"
"PLM00012566","BALICE, PL","2017-10-29","11.4",,"6.3",,
"PLM00012566","BALICE, PL","2017-10-30","10.9",,"3.3",,
"PLM00012566","BALICE, PL","2017-10-31","0.5",,"2.7","6.4","-0.9"
"PLM00012566","BALICE, PL","2017-11-01","0.3",,"6.8",,"1.6"
"PLM00012566","BALICE, PL","2017-11-02","0.0",,"9.3","13.4","6.6"
"PLM00012566","BALICE, PL","2017-11-03","3.8",,"8.2","9.4",
"PLM00012566","BALICE, PL","2017-11-04","0.5",,"6.0",,"-0.3"
"PLM00012566","BALICE, PL","2017-11-05","0.0",,"6.7",,"0.0"
"PLM00012566","BALICE, PL","2017-11-06","0.0",,"7.6","13.1",
"PLM00012566","BALICE, PL","2017-11-07","0.0",,"7.2","9.5","5.7"
"PLM00012566","BALICE, PL","2017-11-08","0.0",,"5.1","6.1","4.5"
"PLM00012566","BALICE, PL","2017-11-09","0.0",,"5.5",,"3.4"
"PLM00012566","BALICE, PL","2017-11-10","0.0",,"7.3",,"5.6"
"PLM00012566","BALICE, PL","2017-11-11","2.5",,"5.4","7.8","3.8"
"PLM00012566","BALICE, PL","2017-11-12","2.5",,"4.6","7.0","2.7"
"PLM00012566","BALICE, PL","2017-11-13","5.6",,"3.7",,
"PLM00012566","BALICE, PL","2017-11-14","5.1",,"2.3",,
"PLM00012566","BALICE, PL","2017-11-15","0.0",,"1.1",,"-4.1"
"PLM00012566","BALICE, PL","2017-11-16",,,"1.9",,
"PLM00012566","BALICE, PL","2017-11-17","1.5",,"3.6","5.1","0.3"
"PLM00012566","BALICE, PL","2017-11-18","1.3",,"3.4",,
"PLM00012566","BALICE, PL","2017-11-19","0.5",,"3.6","6.0","1.1"
"PLM00012566","BALICE, PL","2017-11-20","2.5",,"1.7","4.2","0.6"
"PLM00012566","BALICE, PL","2017-11-21","2.0",,"2.7","4.0","0.9"
"PLM00012566","BALICE, PL","2017-11-22","3.0",,"5.1","7.0","2.6"
"PLM00012566","BALICE, PL","2017-11-23","0.8",,"4.1",,
"PLM00012566","BALICE, PL","2017-11-24","0.0",,"3.8","11.3",
"PLM00012566","BALICE, PL","2017-11-25",,,"6.4","12.6","0.0"
"PLM00012566","BALICE, PL","2017-11-26","1.5",,"3.3","11.0",
"PLM00012566","BALICE, PL","2017-11-27","0.0",,"0.4",,
"PLM00012566","BALICE, PL","2017-11-28",,,"-0.3",,"-5.1"
"PLM00012566","BALICE, PL","2017-11-29","3.6",,"0.7","2.0","-1.3"
"PLM00012566","BALICE, PL","2017-11-30","4.3",,"0.2",,"0.0"
"PLM00012566","BALICE, PL","2017-12-01","13.5",,"-0.3",,
"PLM00012566","BALICE, PL","2017-12-02","0.0","30.0","-3.4",,"-8.0"
"PLM00012566","BALICE, PL","2017-12-03","0.3","30.0","-0.7","0.3",
"PLM00012566","BALICE, PL","2017-12-04","1.3",,"-0.2","1.0","-2.5"
"PLM00012566","BALICE, PL","2017-12-05","0.8","41.0","1.7",,"0.3"
"PLM00012566","BALICE, PL","2017-12-06","1.8",,"3.4","4.3","2.4"
"PLM00012566","BALICE, PL","2017-12-07","1.0",,"2.7","5.5",
"PLM00012566","BALICE, PL","2017-12-08","0.0",,"3.3","7.1","-2.5"
"PLM00012566","BALICE, PL","2017-12-09","0.5",,"0.7","3.9",
"PLM00012566","BALICE, PL","2017-12-10","0.0",,"1.0",,"-2.0"
"PLM00012566","BALICE, PL","2017-12-11",,,"8.6",,"1.3"
"PLM00012566","BALICE, PL","2017-12-12",,,"9.9",,
"PLM00012566","BALICE, PL","2017-12-13",,,"1.4","7.4",
"PLM00012566","BALICE, PL","2017-12-14",,,"1.6","8.0","-4.5"
"PLM00012566","BALICE, PL","2017-12-15",,,"1.3","6.3",
"PLM00012566","BALICE, PL","2017-12-16",,,"0.0","2.3",
"PLM00012566","BALICE, PL","2017-12-17","0.3",,"-0.8","3.4","-3.2"
"PLM00012566","BALICE, PL","2017-12-18","0.5",,"-0.8",,
"PLM00012566","BALICE, PL","2017-12-19","0.3",,"-2.4","-0.5",
"PLM00012566","BALICE, PL","2017-12-20","0.0",,"-1.2","0.0",
"PLM00012566","BALICE, PL","2017-12-21","0.0",,"0.2",,
"PLM00012566","BALICE, PL","2017-12-22","1.0",,"2.9",,"1.5"
"PLM00012566","BALICE, PL","2017-12-23","5.8",,"3.5",,"1.8"
"PLM00012566","BALICE, PL","2017-12-24","1.8",,"7.3","8.4","4.6"
"PLM00012566","BALICE, PL","2017-12-25","0.3",,"5.2",,
"PLM00012566","BALICE, PL","2017-12-26","0.0",,"-1.1",,
"PLM00012566","BALICE, PL","2017-12-27",,,"2.4","9.4",
